,Cycle,A1,A2,A3,A4,A5,A6,A7,A8,A9,A10,A11,A12,B1,B2,B3,B4,B5,B6,B7,B8,B9,B10,B11,B12,C1,C2,C3,C4,C5,C6,C7,C8,C9,C10,C11,C12,D1,D2,D3,D4,D5,D6,D7,D8,D9,D10,D11,D12,E1,E2,E3,E4,E5,E6,E7,E8,E9,E10,E11,E12,F1,F2,F3,F4,F5,F6,F7,F8,F9,F10,F11,F12,G1,G2,G3,G4,G5,G6,G7,G8,G9,G10,G11,G12,H1,H2,H3,H4,H5,H6,H7,H8,H9,H10,H11,H12
,1,-22.3323300290858,-8.172993643469,-4.98109603432204,-6.05038106306847,-8.47925986319979,-12.3080864746198,-6.96908203098928,-1.09712254933493,0.981089681681624,-0.511887662209119,6.1080371068947,57.094090134261,-13.7081042798018,-7.3958061809285,-7.81564982247937,-9.89440852108919,-15.4748653446181,-3.98463171665026,-7.30396683995696,-2.82768941560607,-2.04107151409835,9.28847150162119,-0.878119981170585,-4.57148718665212,-7.92552951993775,0.582484288469004,-2.07520452862491,-6.86230175115725,-2.3596120636148,-6.54296504770355,-11.9546344882278,-11.3715582908399,-4.84534554773109,-3.8561907186222,-9.83276750035611,-5.78631964386204,-2.87432308858433,-6.30176854400452,-5.20368368749996,-7.12780031424609,-9.71952975285649,-8.7420515601334,-16.7910976794924,-9.23292816067988,-14.8265619020895,-11.089491683545,-16.3131089233593,-8.99968522772451,-8.50628965327132,-4.2273529732206,-6.78467562149217,-4.12910274361047,2.37104411259634,-1.04445942369694,-14.6790309298613,18.8030101005124,-15.9017772309494,-13.759444594446,-10.7153992510334,-15.2659211774871,-2.2969367959804,-8.78798878639418,1.48037238382676,-1.68488062492452,-6.83252496271598,-9.60247831935521,-14.2930326835476,-15.5100319039452,-14.7322865658457,9.73059873744205,-16.8320508152697,-13.2762639903026,-1.58694583586339,-4.5639945650305,-6.58759512928282,-9.47457091271781,-8.19016403433261,0.986968986512693,-12.0086042380012,-16.1032163624213,-10.9580316885381,-11.0720904255509,-15.8112160781493,-14.6166741903835,-6.675340048831,3.85924932431908,-5.1845970910108,-11.75388134184,-5.19609150985707,-4.25196992565043,-11.8584006679084,-12.8549495238608,-7.93284044702432,-16.8427705777694,-21.1108660934228,-9.95091509785607
,2,-11.9148321572798,-2.38326492567467,3.98785689511715,-0.16216662871193,-7.32365522400232,-6.81621219265753,-3.25386693102382,-4.37204502117675,0.766969154674825,2.94170117160547,3.40390161243522,-5.29500859476821,-12.7663321342297,-4.33266946466119,-4.64399598804221,-7.81283913445895,-6.28035699366046,-0.0430375159035066,-3.91016285271598,-2.43892629785705,2.02596869818126,13.7093185286826,3.37529468919274,-3.20658528322383,3.82440386644112,-1.97129997562524,2.94231932113371,4.47102935756948,6.59220370353842,-6.7766961057805,-6.09750264949753,-3.40380848931818,-1.10811081206248,-2.64504644473936,1.32505638917473,-1.80678638845029,-0.392104525455579,0.197099165618056,0.449208107189861,-3.08854265652144,1.17545900635287,-0.121053026465688,-13.5740653253652,-8.27539997285976,-20.8126150273238,-15.4126250361651,-12.2131052789841,-10.1290101832228,-0.903269290336993,-0.020094678041005,-2.28750401416119,0.560248307604525,-1.76939521840586,-4.90204736169335,-11.0688280602235,25.4712743875352,-15.1156590863252,-10.2805391630054,-14.0119138533996,-12.5460426341697,-0.955018446381473,-3.23788960095999,2.98163693046945,1.29427325382221,3.45299447433899,-5.96340257911379,-17.5183617142466,-15.9511281889577,-15.2968157713208,15.6373549499031,-9.39577580807372,-16.6290917920187,-2.658709118763,0.95548682800154,-6.73811583578208,-2.72686157132375,0.25472614314458,4.84937547975369,-14.9043911905442,-9.45557778168677,-11.3449208549955,-10.7541160438004,-18.6385055495193,-13.8501583102211,-2.40502408849943,3.69103531802648,-5.03074606982545,-4.12903829436527,0.0279006194691647,-4.65512261865524,-9.35778273301776,-11.1058656553091,-9.36031890347203,-13.2911487029892,-18.1332222781057,-13.9513989481343
,3,-4.17160503419063,-1.32927965854742,-0.486264187583856,-0.480867285577006,2.71158454403303,-2.89728053917224,1.9737430014161,-6.08197193282331,5.6903990081546,0.975624634839278,1.72737764166186,1.71957718409431,-7.31849392424738,-0.76697696164365,1.45681489597109,-0.646643006602062,-2.28275636837998,-2.36197076032977,-4.60992955881011,5.84282967929403,5.16370684593903,10.399945040961,6.24062140803289,6.44495947097721,2.81511879883874,6.86196259821054,2.55448644632588,0.719867801417422,1.15702794660001,-1.48094463024108,-3.07444119484444,-2.30041835291604,-0.217122493619172,1.70701291679143,-4.71370733012282,0.942043738371012,2.68195437161876,1.7623473140452,2.38799998487229,1.59701551228818,0.309696727309984,-3.19599188144321,-12.7172720460412,-7.59181771837575,-13.1559609612364,-11.6707193612801,-9.1213097486916,-9.10374697568386,4.98212482350755,-1.03580817660395,3.590265581121,1.09023856279737,3.26993818928713,1.05081663136343,-11.5671999675683,30.0546085653873,-12.1595776545191,-10.1340874351581,-4.46593227513313,-8.62822075440045,1.9001827676725,1.78990364172296,0.151990740605925,-1.14564353649212,3.95945731592656,-2.65002956891112,-15.253360211314,-8.98371326420829,-11.0942985817819,17.4637431648566,-10.7398253066508,-8.33387948505833,1.76129284608305,4.23159410457174,2.4626092433673,1.13456756508276,-1.09316068272074,4.57944683864025,-14.4109364394994,-7.41203409878153,-8.01539642075522,-7.50588313690241,-12.8241000245621,-14.905003087385,0.606786179602295,2.26655202923348,3.51420410040009,1.62074141682524,1.23594566917382,2.32211692542433,-7.27361909299862,-8.35641267119036,-10.378190208969,-11.2878002201387,-12.054821383027,-11.3455699020224
,4,-4.66303072568508,5.53831389369134,4.70249453494671,2.25736016183691,1.08556437006428,0.730880598346175,-1.10991026260444,-0.27169285770924,1.5263033017718,6.64833463920604,6.88979588284974,3.82236920481546,-0.124836497982415,2.46923895340433,1.80685743576123,-0.860725904481569,0.531989280199923,-1.6617262782288,2.96107178640113,0.850519702384645,1.42126536546903,8.54674788073908,1.39631213979737,-0.84083010378572,3.17061670411522,3.79769503896296,0.49678249681574,3.2707358980183,3.59708953059226,-0.624872504633913,0.973200321032891,1.13866462424221,-4.39545149501055,-4.1309033698044,3.81913113957762,-0.14513172619354,-0.204927282833978,4.69243703435586,1.87182937973239,2.23706811901275,-4.52263531047129,1.6974162686447,0.531165449700438,-1.01440127820752,-8.21778692583621,-7.69475395677136,-9.74679981642521,-7.35720787399623,6.09968019571807,1.19030416644773,3.49384308040408,6.18777266940879,4.10708997045776,1.62000532498951,-6.65653612736423,40.0728114205094,-10.6235629267849,-6.48434855665028,-9.13902157414532,-10.8562402517791,2.4560845011556,5.96323950720034,5.25075137902422,2.45265713525032,-1.02232222922339,3.74756161495407,-3.26058857777298,-5.15574499288596,-9.16275693584794,22.6752842036572,-6.00659398719336,-11.3702139844199,2.5031180929368,3.09603906549773,5.11057734496944,1.12101654747221,4.47730100907347,4.93765805694693,-8.98177895528943,-7.10427275792654,-5.89351924196035,-11.4532090656021,-6.14494538567897,-3.29195726219314,0.426953887701984,4.44954928476773,3.1431806925134,-1.80783752479692,6.67076086418638,2.03820843597759,-6.62364450166388,-6.97439456496613,-9.62506910082402,-3.96723885600068,-8.26274375172079,-1.92700698315048
,5,-3.19754017519836,1.61473120156279,0.266967191013009,3.76243560913827,1.45543798055314,4.03065594049667,0.570953821893909,-4.97633669465768,-0.485744840605548,1.20148260383849,-2.8895831748373,2.41864406045897,1.39637044969322,4.06401311089485,2.94400272394387,3.99324615819614,5.94604979270753,3.06952692490404,-2.47960498573502,-2.90863827441262,5.63438391417276,2.34706751506337,3.19523776746701,8.24443538102514,1.97627007665415,6.54985125582925,1.74778468431259,3.30000060600514,1.44242968548042,6.07466406718049,-4.78785672739832,-1.97413367932313,-0.827481148401148,2.22847143281979,2.17736936496658,-1.70417906436887,2.57966710274013,1.10962301641985,2.19465037640748,-1.42867966975655,2.31758857537352,1.77246933966762,-5.23096256873851,-3.92801643116218,-2.26863288244203,-4.88714038800708,-8.80953404047614,-13.1849797141294,-1.36805538188673,4.47977259019672,3.19960955161741,0.507041842598937,0.217483897384227,4.49910062965273,-6.76203839429581,44.2346385184792,-4.3871001859784,-7.42860027832467,-5.50234242672514,-2.79077800029245,2.44705547836475,0.748103438198541,1.50087904626662,5.14399911548389,0.573602128242328,0.626836925962834,-2.32404047744149,-0.986723224890738,-5.49939435573788,27.4149533688465,-6.63058227154397,-7.54041076683779,3.70366029281604,5.38709722942349,-1.0374678422595,1.16057243148634,2.35481386413221,1.12113086633917,-1.72725443495892,-3.2641716301041,0.533914722686859,-7.41915234323733,-6.18722433729499,-4.55879673884829,6.44382002070506,4.5063215981877,0.357742137824971,6.95990018423981,5.52787215658373,2.42349562893105,-8.68967379204651,-4.22621359492632,-3.64652120437131,-6.50604686139241,-8.31726234360167,-4.88844238385991
,6,2.53452961866469,0.63151687003392,4.77288809127731,4.97810280354861,1.87817488302608,6.21494273888675,1.9906683717968,6.53367713878015,3.91035860985812,1.04607556934889,2.81048154289147,3.05173912016107,4.61163883727068,5.09410012175113,-0.842933650906161,8.17875336739507,2.32779566511772,4.53105153350725,-2.78645219438386,4.33532038037492,-0.708590478427141,3.23813295485479,1.09592192816626,1.54939918442778,2.50229473026684,-1.43654908932785,7.6339475012328,4.10467479964154,1.97989997731975,3.47830036789719,2.58042779786956,-1.04276834127131,-0.357981819064207,0.60524553617779,-1.66954687527414,3.0908438501101,2.6472831680353,2.26647816367267,5.07805230417353,0.865726005471515,0.859980887169513,2.28163479002706,-4.44145291609311,-1.55140463144062,0.581075705118565,2.46354936607804,-1.59712753538815,2.25558810789153,2.08620366181276,2.33333549626332,4.3375570992157,-0.539746402990204,4.062240299927,0.539342497105281,-1.93030407760716,50.1168368975223,-0.237884844809287,-0.969067806514431,-6.21117204619713,-2.61607561361097,1.33569283239922,2.8339482943984,3.23904469425543,5.19704868931331,3.38952356523396,3.08574744253838,-3.09349068939537,0.346682327911367,-8.18985841864105,35.6211877180745,-0.570896459669711,0.610053034307384,3.71100247362119,2.01837261606397,3.51406599005713,3.36630523865324,2.73858270045594,0.678109977105578,-2.07529957474526,-1.99731913467758,-5.52437621621448,1.97236759257521,-0.742439746726632,-4.81465620750896,0.513582165261596,4.61595720359173,3.2557164955474,0.524691059807083,0.407568848855135,4.31867537358266,-3.35191888894497,-5.63985972285718,-3.56308299790726,1.16872292000335,1.09464608395001,-3.61009560164575
,7,2.76425562265786,8.16863938661572,6.73025410876926,2.00451626941231,6.51421213334652,5.73275910444136,-2.9722262279206,1.87967400809339,2.43700540681266,2.17561665624453,7.74885125858782,6.0981188555952,4.55580698498943,2.78806529179792,1.73795266760362,1.37172211283723,2.7126324763899,4.78267669227216,2.22174659379971,0.063096015188421,5.60353615754775,3.22063919199763,-3.00136761567228,-4.24223347837551,0.715804267842941,5.46316379481141,0.888036090692367,1.9931786582456,4.65510248563032,2.02309472744673,0.165544554582084,0.991132360593383,1.21282770278276,-2.33252905199288,1.96462650885269,2.58112526119612,-0.385587192790354,2.88410904695365,3.61460548359491,4.38023284952897,6.41259642589375,4.3107858498156,-1.34209882312098,0.18030214205055,-4.39523243465237,-0.663964022824985,0.113051031010855,1.51919143983832,3.30809667150425,6.6192622334861,-1.38007982406407,1.96904117649228,8.19281503803859,2.98391899019816,0.916411020873511,56.9945891400471,0.155273783888788,-0.588403818594088,-0.697803455859685,0.170779748584664,5.6062707470378,3.36883979558252,2.95415018561062,2.30714603337492,2.38469855529547,6.5813186735495,1.17776177152382,0.720930452951961,3.80902977310961,39.5322813734206,-0.618566763887429,0.329368699028237,-0.433178195455639,-0.655237972012401,3.36352748552736,7.14610083147954,2.43982161240956,1.86226054400095,2.36787938416455,-2.92522213051689,-5.12393148192177,-1.87149900287068,1.62888054157156,1.45279152659714,3.18142129707348,3.5427204421394,4.35426970754179,1.68972152740344,-2.92986629572943,-2.75500896572521,0.790126481686002,-1.57990813265224,-2.19369175173142,-1.27977569957784,-1.87570069731237,-0.0869540384501306
,8,0.161154407814138,2.77551367080559,3.55629191694925,3.06368481583741,-0.532437766691601,1.62915678052423,2.83298563894323,-0.146695342452858,4.86491254760404,0.484830789955595,-1.03106978795768,-3.66588950790401,10.3318099007847,2.4543133496727,3.61190681740072,5.42679521109176,7.01232516685377,7.34934860530575,2.08691693050196,-2.5252495439222,3.92293924921478,-3.30485201934516,-1.12094532512583,1.40511377308167,2.88466113581035,4.47483505364789,4.59505060349647,-0.156481929386246,3.69723918294449,1.30608890164922,4.06877377015144,-0.229507996356915,1.46020403210423,2.01953338456678,3.98740338114067,1.66583617509968,4.23832651013663,2.55969010003355,-1.60213481100755,5.33687389957504,7.253089873524,6.18625271115934,3.02000837788046,1.87463364666428,-0.387590198994531,-3.65736153618445,-0.0770480103892623,-0.684333464902011,2.18266537245472,8.88547528330901,3.84117448574307,0.989396069418035,2.13842947237026,5.78570925178155,2.2960409898842,62.8391067619787,-1.38005856001382,1.35614470152859,-2.06186378087978,0.0183875874586192,1.29205577456651,-0.413006374755696,2.13429670099595,3.30749766215467,7.73559475676166,4.01251173569653,1.01423674339549,-0.582672079258828,2.81293621643044,44.2074531064518,3.65601003178972,5.72296428788832,3.29060001733342,7.82048602344139,2.87567135115569,2.64394128950153,4.53220417880584,2.64205738262035,2.96707883684212,2.46601781842264,-0.415320415638234,1.57431520168439,-1.15587066460739,-2.32023218130098,1.40144255036193,6.81674923006904,2.99991452217409,6.21805824448029,-1.79952265247584,2.85729823340625,4.25240417972054,-2.90042808409635,5.08652470619427,0.369379415340063,-1.14183409012958,1.48086905270156
,9,3.93752600789867,2.68439784271686,3.95349262086802,3.39919037919162,2.09545360141146,3.60393928810117,3.46413578261036,0.977995907658169,-2.79181457434788,1.40617836639012,5.20761584487309,6.48430337645141,4.38199639420327,-0.0469649878768905,6.69208259805646,1.23432327452383,3.70857108512473,2.79785645792799,-0.43921410292478,-2.06947352112456,2.73986065163353,-0.957000929479818,7.18990960222936,1.82640239420152,2.93759586760962,2.06831352369773,4.73056424723291,1.64601735165843,2.9214099029532,3.69909424904836,1.55162269435868,1.384451554321,-1.82505202728544,-3.71265631806045,-1.37037984936023,-0.891036250484376,2.79629363337335,1.30066844264093,2.77897918643293,7.69729778737292,4.11506288528517,0.235377715255709,4.80636867937164,2.413454318601,6.45463678640135,3.2721271495102,-0.295222759239095,0.878767577504277,0.792746715198973,2.09096624900667,1.25018926650546,7.04602133060098,-0.568695405811013,4.01795066427849,0.601960257379687,69.0626022473352,1.85026121726241,0.740278775221668,4.60824260980371,4.89280715829091,1.96562096440221,1.86943146131262,1.58740392127766,2.16515473014579,5.24837793013285,7.41662765733645,-0.949631535834669,0.145850736229477,8.15793614477798,51.1132991947943,0.0916533868394254,-0.162141347253055,1.5505302469719,-3.2933198897158,0.284814134223325,5.94031445710016,4.02411812132959,1.62241247436941,0.727892058005182,1.23806398568786,-1.02455091627098,0.527649262186515,4.95835321800087,7.12663672073768,-0.432499200401253,-1.65988055290427,-2.18946396477713,6.62413865366307,0.300520173998393,3.8993570170951,2.01463009279905,1.61976941079865,2.56967361016905,0.915643896994425,5.25077645330657,4.30881675801265
,10,7.93491057439496,1.14900615543638,0.198939091405919,2.46119859188138,2.75334068055736,1.67690165766862,-2.14213430630707,2.03541877065663,2.73153640683267,4.82076920605004,1.42694768645288,0.208954905543578,8.69870370579201,2.51723742695094,1.47379991507478,5.29958168147277,0.91600141611525,1.2504194619828,-1.03671692869784,0.393619521370965,3.97101096062443,-4.13753176247656,4.53745733795313,8.29830732764685,0.940619253274235,-0.643110398424142,3.11749840313587,1.17498146763637,4.25772690770418,1.87676218523984,-0.482987294688883,0.923787652932788,3.56652778918215,-2.1860424585434,4.60073342744408,6.7913412995108,2.69087256614557,2.56093482890265,5.057368401649,0.169705572592648,3.70581444065283,6.55838398412561,1.56455724467742,0.942176062221733,3.23742482518855,3.20385651604283,1.28315751482842,5.00091495902643,-0.401243706488458,1.57144341508001,-0.830363344497982,2.80657011527228,1.99911752892604,1.15840767217242,-0.987460579008712,70.9911737808575,7.81013422236947,8.68233218187652,6.61508487776655,1.95507310876292,1.49652456384956,1.23596467675134,3.96783405252381,0.391952127803961,1.83960570867566,0.89374821266756,5.25124580450074,3.73720116010509,3.7587231843122,58.0448991892613,-0.467846248860042,2.43200524210079,-0.610918334432881,1.04365884330809,0.147181069313774,-0.770942444243246,4.97141128222711,-1.34235893722416,4.13450558088107,1.83393130335071,8.23742563616861,6.63595733498232,3.77247874579143,1.78827169418992,3.70600522801988,-3.44251277828198,1.83775897011719,1.78808154989929,5.326923576441,2.41845323144571,3.84578739247945,1.40022386741384,2.67886434158891,2.49741591715519,2.43681931249694,6.82023938183829
,11,0.568880797041857,3.6355155563856,0.967393273322159,1.7372093990557,-1.11360370206921,1.08137774494708,1.10623357910208,1.35067227678383,5.70087056179727,2.3842620232781,1.07944809260243,4.07621540756963,3.37082735505101,2.79011512546549,-0.0240045981854564,-0.805513483645427,1.81814021404261,2.04755301695059,0.248756698493708,3.4665752296728,10.6570940705019,3.08565072744705,9.83407862400009,9.78636003578958,0.421125359408961,-0.15802865143678,-1.20690265408621,5.29253263763349,1.10947373242288,2.685081818664,2.26831421592033,1.97684550925624,2.21495599498166,0.500042903982376,1.00743480946358,3.8183465330053,0.871467451519493,0.00700876828477703,1.99659701610517,3.62364490794471,2.06858941884639,5.0099764215779,-1.5025568217161,4.96411628618262,8.03475305292568,0.541187455488398,8.92062624837627,6.63244802400095,2.2830165241362,-1.76529438924672,0.585822579178966,5.97860818367235,0.569552456168367,1.48230598454484,7.15594592444813,71.4408896034561,3.75704482827177,2.88344114136453,2.509624504984,-1.63400046263541,1.95172826050748,1.7882252308541,3.8201352979122,5.96420569015118,-0.696149304618302,-0.240144005993898,4.22306368385807,4.4695985258536,1.20269928104835,63.247392227468,6.25101554463072,2.93187198438318,2.55073275923996,-2.05735598210777,2.76033655915035,-0.188426736047404,1.81536566942123,4.33746765760634,5.70712828707792,5.58634720065129,1.46053446316409,1.31346138894742,4.35095112372346,8.8363144550176,0.168649518519487,-0.637606485068318,0.867346746075782,1.86889433786473,5.40927250159939,3.72696058344764,0.272784103771755,0.987061090392217,4.82759515826092,4.5964390835511,10.3298039462111,5.39840093313205
,12,1.79643027797374,-0.276533055801337,-3.44344526811847,0.0508503257178745,4.65107932575756,3.14661833640957,-1.40205382945987,-0.178063388858845,2.02137878258918,0.401439858954291,12.1872347241256,19.0433917751293,5.96716953702844,-0.802185284891038,5.90334684881736,-0.00997807268640827,2.49116320435223,5.22687712200832,-2.6586530614295,0.914475535308611,24.3610636952199,20.3734527437291,22.4113760461319,24.9760887061184,5.09467268351955,2.02905298376299,-2.67428636260775,4.72965555558949,1.18535821799242,7.47919169865327,4.65911864880854,-1.43856016611971,5.42623377419432,-0.835025911310368,2.00233839257771,5.38320316946101,3.22163563547747,1.83221016629659,-1.08125694534056,1.8347643006291,4.28545690296414,3.66561499492809,7.0977479267799,3.78127106845704,5.04214705147479,6.48569633854777,7.33597608138689,8.48342475574964,5.55341874918804,2.63853965470116,0.671691875914803,1.56960277515236,0.880325054450168,2.52198132700869,5.06736558178,75.86402784538,8.07548235350441,5.00907680888849,4.7410800785724,6.45599466496833,2.38740005760928,3.3479785771442,3.18005124730189,-1.00884914828021,2.76317031020972,1.36452842571953,5.77635955680034,3.71422327819846,6.93935883727454,61.5530167982824,5.6656914138689,7.07562329218354,2.42488670236571,-1.22567229135984,4.76305953722476,5.13999649626385,-1.70075510503511,2.13397431699786,6.06716096817945,5.94566973272185,4.73678569602043,5.09700930814688,7.24797736951132,6.25512027655896,2.2727747603235,-5.28192298266504,2.91085993189427,-1.45629551794946,-0.579378757398899,3.07433057588605,7.17200371181571,6.88504602303874,2.82249757925911,2.60689357763113,0.50645936008641,0.0987239534688342
,13,-0.0883834876208311,0.446332785426875,4.737165574757,2.51242803185232,6.1879050471598,2.38792740054896,-4.18562027738972,3.16344376209872,8.71307703967295,11.0763267098137,28.4030095526464,39.0537522865102,3.06230916249979,1.40780636941008,0.225123027538757,4.44943960435603,-0.209326922493801,3.05092115654588,3.17684393451373,1.39482871798191,41.6762795849304,29.8752187175951,33.4648755457019,41.2425488252306,2.38927271650755,-3.26756321759922,7.56888329334788,3.4973332141858,-1.50860531907028,0.45724854936725,2.80916140605177,-1.17789552391423,-0.945367016626278,5.05000661118447,5.92615408230495,7.93174793276057,2.1315404847478,1.09779708020505,1.01247496582164,0.963556820297526,3.96901948344248,5.76199122621756,7.57073411093552,5.48592730275459,2.08729881438194,3.73820224065275,6.31503557200222,5.20080895596129,4.72653977570189,0.858818480817718,1.05865614710183,2.29345037268968,4.3414495143511,1.68488021197027,7.07507845381679,86.1822697321054,7.54851448611998,8.55373136330718,7.27387342360726,6.15654746128985,2.916123917184,4.19711442408561,-0.650107173896686,0.171467730910081,-0.737447745045756,0.486323436845396,8.95793589252526,7.18668930792455,6.84789033416882,69.4683111664417,9.88580661168226,9.74966833332928,3.84766111342651,6.94498767086407,1.23997638250239,1.81734217135227,2.34476426048104,0.915146655975605,-0.768066207984702,6.40998250316079,8.1294737752628,2.08018502427694,4.6701122973418,5.86592305626618,2.3410466572077,2.67714694532287,-0.533672940167889,7.07474904255696,-0.0434329555137083,4.73160173510996,7.65087901708785,8.29305075559569,8.55029790236495,12.762016555429,7.77672107615263,8.21584894720991
,14,2.60137750725926,2.89250312320701,-1.97967648048098,-0.641705216313767,-0.056100868995145,5.59987333769641,0.228871044220796,-1.82810909384716,19.8083509739804,12.9450568262669,51.4370558966102,70.083411417676,2.2493450945467,3.49131078341725,-0.958796312552749,-2.73376636258035,1.54433240075514,1.74411617500073,3.16190672852917,-0.746219970033962,71.9144417074904,73.9379770893252,61.210294636744,83.9027576838103,0.212824209547307,0.615744716394147,2.98048102406528,-1.05266462721602,-1.6119194763728,4.78266007150114,3.68121345997224,1.90950645232806,4.59473225385455,2.53621690322097,2.33026294815863,6.2178367759484,0.166150489721531,1.24661218551728,1.91584777624257,-0.743508884660969,4.45668047602021,2.78029326431533,2.66431296691826,3.23144132528705,1.22478130216132,8.30751842371774,6.9925185369566,7.63229380445364,3.99596500642519,7.59058270799824,5.79654998253591,-0.141580607034484,6.17925933746255,1.48169670949983,5.2260212031465,91.3586780424957,7.6430451535598,4.23737346573762,10.4400913717341,6.99039086378434,4.11836279401314,4.6703227017947,3.27108699731343,1.56640297091008,0.388286245588915,2.43615660504656,4.42317165799341,0.816581027792836,5.22239942768192,70.2592157697545,5.39198947474688,9.55178608443975,3.7520885391209,7.69019480050338,3.77185743435484,-1.84322413488826,3.00785892862496,8.4058400866852,9.20705810610752,4.14687086258027,6.4193365304227,7.89009562166802,5.74498204618612,8.50139782259294,0.390931870295844,2.23777048715374,1.39621939259541,0.156281467008284,-3.75712706564809,-4.16191096737066,5.74410176197625,10.2823120652656,7.74325650256151,-0.0420949099957397,5.97860496313797,-1.16405954262336
,15,7.28135810014055,3.89064575316615,5.1244252743586,3.93416244161426,1.87488803241558,0.128548930386842,0.0974825874827729,1.85567311902332,32.6848071126797,26.5344890190986,96.8781940523431,122.33843060444,3.32287509109528,3.08907308688731,3.14464280628772,-1.04516309728388,-1.37979314228733,-1.37777656781918,1.67132800159834,-4.24303791816828,113.701215433025,122.275986403426,103.184435658953,128.357767690384,-1.94177380386509,-3.13127316674627,7.39431374514925,4.10904000646497,2.61287723869191,-0.124996852580352,5.76969571328573,1.18525598744691,0.914042808843078,3.44625289874739,2.28860027609517,-1.6060348963224,2.9635804175241,3.68935681477205,3.02563846214116,2.40265236478854,-3.97415560195759,-1.66230315992198,7.74518018800609,5.25157314181388,9.53542331566314,6.76832615817511,2.25677217243674,3.56232983104292,12.7144466307768,9.72347325966666,5.05486688131623,0.0833544344372967,3.26024159088047,3.95330254323562,12.9441912659245,92.5257178369934,5.84394666409889,8.05755256961447,10.2030397163285,9.59233516800577,12.4318788358241,14.6197437671935,2.67094733292834,3.15476452833309,4.64785583229104,4.72341507057217,9.21915206698168,3.25102891229062,2.66121559101839,79.1725803924551,12.3293299926045,10.4396840901359,9.4945506718841,15.3361178205614,1.32430914458382,-0.990893317655264,4.12689282885049,0.937686132936051,4.70974834635717,9.44367137706604,6.51842108854544,3.23206894563191,6.96182533891988,6.83909416109191,3.03269792963147,7.67645294533804,-0.472890826898492,-2.02638532243691,0.259516194726984,0.540729726373684,7.71995972466266,11.3361069504535,4.93789401965932,6.75243766370977,7.87848992423733,6.0751006573023
,16,7.92963718895544,1.65736905510539,5.53053264859909,0.984997511613528,2.28190072667576,0.142643648675403,0.739264031818038,4.09334490338961,62.7191754361111,44.2583071360814,158.414535547187,204.526882709515,-0.712759624273986,1.89811387172813,2.59887218318181,2.00797305651395,-0.944709839141524,-0.902683581950441,3.27869668661879,-2.50373764080541,174.368362203956,190.845683407666,151.249021047186,206.4607818854,2.02192869456849,-0.381877217614147,4.50645592953606,1.07722477837387,3.47466900853578,-0.452965657271307,-0.847026553679825,7.22087663264574,0.579765064142521,1.08530064948582,5.71185315184812,3.00255174132781,1.3471965022286,4.04227189019548,4.59423785497938,2.88331108620878,0.815801428210307,-5.27897602013809,5.6175470303574,5.99704381151105,7.94640826419482,7.69656774017994,7.18153104749126,8.5621115214899,22.4032463125259,27.60943058782,3.1565731869523,2.31642663024331,9.24128994934426,8.05104842205719,4.60398210925086,98.5361015562726,6.48400498121555,2.38294201549479,0.944291256379529,7.26985282720989,25.3131449774651,18.8422074563368,0.086696627909987,4.24184147218966,3.57455955210708,9.0965295125261,1.35757001949787,6.31511605293599,8.96246356983647,74.7326381339103,7.13359748499033,6.14055852870479,14.395130136726,21.0107971946763,7.09449719714894,7.77662923728712,8.38145645821123,7.55560592776192,1.29956166249713,7.66131042079496,-0.672136556893292,7.38238304005108,11.8402512057628,6.90875980701639,5.17418145440934,7.40206033968707,8.63295384980438,2.40600244501593,3.26284176463696,5.59716766919746,3.58866929273381,3.15724930880424,7.52620724438157,10.6569251839996,9.55440365798268,5.06578577668324
,17,1.3739886072467,5.66491521360558,8.5800883938,4.57894535605919,-0.196806924879183,2.10591487459897,4.60169693475382,3.30135258830023,90.9726834637859,72.0165599887732,255.75936021939,334.825634232046,-2.8274949246188,6.36909489177469,11.3518953021658,0.520946836737039,-0.674789105221407,3.21238863034387,4.73220802312699,-1.79725885940206,224.442997183269,256.254358436248,218.61766403706,308.437886193553,2.75887069073633,11.2341802847163,13.348545138625,4.0095268829923,0.573065148951628,1.06102463431216,-1.11780025096232,-0.484399757126994,-1.22136614040755,5.60789684904375,4.12435516130199,2.98157387215724,2.34792340574086,6.55349044685136,5.29869587258918,3.26237410295971,-2.26897019789703,4.3683856800485,7.82640746483048,9.80689969437208,13.6074507655831,5.84450104115012,7.76588532750566,4.92788529567406,45.3306484081013,51.3686275217756,10.8205257184527,6.87673166691457,19.1131562908058,16.5642925174561,6.64015807514716,100.558892665065,6.22325821028244,7.87275939747678,-2.10017141441904,7.03879506729663,51.1712340777599,42.553445165729,2.96875748808179,4.0210015682419,6.61557244428786,19.7501458090255,6.44433497206273,4.3408742303568,5.83894603919316,81.8492839245841,2.23117572746514,2.57957002341618,31.3659416684718,54.052152660332,13.6031344848443,2.44719397137987,16.2902891304143,11.0275594098853,6.61262360585579,3.33668912892927,8.39588795314421,8.26763780615011,6.04791770792963,7.58601695271454,12.1383456691515,10.5323848713701,4.41669486229966,5.20229789982886,10.9441163419269,12.4180472976855,8.16645329847506,9.13675340369309,8.43824508614216,3.44431447783563,10.1448066519683,4.65210429179024
,18,2.56537055263425,7.41420755858326,24.430857941557,7.05619403665651,0.634412708181571,0.168756535179909,1.05937224937816,3.74470542550171,135.362205788567,110.645931818164,362.805061683296,499.981296964033,0.638628643428547,17.615115822784,20.6837481327357,2.27807421366924,1.2870058192816,4.16322187937885,2.08869260208712,1.35189650977736,271.221902192029,303.824393152149,271.289123104015,396.05495407072,8.62965003412228,11.3355523640703,29.2660506579891,7.45390423924664,7.12473951524044,2.81278363920273,-5.18425730696072,0.736665763731253,2.78174802289595,0.178065039603098,1.23671371127648,8.5263522689861,2.63926334303596,16.3508402249704,15.3658131538764,11.1119788311657,4.44083320236814,3.72349261374893,4.71775911896657,2.61266567092707,5.18128007381438,3.36294772013707,8.44184026468884,5.99313405476596,87.0720617222005,99.1677531717401,28.8169552158038,14.0631593505027,41.5355700270734,33.6638199139543,7.48192056611151,105.063338088596,8.64051655882759,9.10915907291974,4.80779927299363,8.96100701967589,90.5380031053301,86.456551098699,17.5881882833678,12.0439204588738,15.5519493556817,27.7503798375524,2.84032961420007,6.29337908880962,7.95523090665165,87.1551852268021,2.35685760522711,6.00457820804559,55.6367851181162,91.4380837855451,34.371967945654,13.4252390287093,29.1095767162501,28.1667599633697,10.3748744684235,9.22564964057665,4.58403310023778,12.2114173465743,6.42719134632262,7.37117916532316,21.3347167873098,36.27165257656,18.2404695199339,8.19495031716542,16.4589813746647,27.9299601270968,5.32632780493032,6.75241246126006,4.03277296307897,6.10544681002602,11.1554403106115,5.91981953397135
,19,3.25525576738892,25.5590412487113,48.5379064342133,11.3026816101469,-0.558662498155172,2.02325312051926,6.92784052206707,2.05712923439069,171.830955869511,139.990989804334,466.339566588233,662.623936156073,2.82787597452761,36.8151514415617,39.5440591388974,7.19643815739028,2.03991284358881,3.2864231021299,-0.424562579492431,2.42299932319929,318.253500975121,356.260117607861,315.688194237305,469.171966206333,12.9090092409883,24.6821158752387,48.2140902514598,15.0582616196052,5.71799199613815,4.95469321603014,0.97421041043026,2.58590390683912,-0.452894230069433,-0.237869808168398,5.60632339916128,-1.55554695999263,8.0350192428823,29.5072711407129,40.8436113515422,25.3270102325682,6.55292690404804,5.21497178422851,8.36789331131376,1.61446338903806,4.02547880299926,7.9814697318966,10.8355657756015,5.30982478047326,150.080106401703,174.824161582626,54.5838734164076,30.9368425680873,82.1008394367741,66.5951247491548,7.19140810634872,108.594356656316,10.0312323896428,6.58694620467668,4.74004893964639,7.04690273434562,164.485496586179,156.615738431421,37.2198074466855,15.8245048228546,32.3761490822581,47.5122172685992,6.21849051034496,5.31435472497969,7.02256689541582,91.0263026911271,10.1614359735095,5.42155220843733,106.203378226559,172.266229399975,55.2675539153897,19.672770284632,51.4182357639202,54.873119816456,6.09997138556537,7.27504730679357,11.9550992209838,5.9906242582324,6.98627668507561,3.93684945564382,37.3282165693099,73.0499494422688,37.103250132549,16.6860226290842,35.4018052586757,52.3135479929706,3.90162746364786,7.71435794448371,8.29110867249074,7.8706413711202,1.63318574874984,7.64266662591444
,20,2.90711597989321,44.5309048575059,96.3690804621315,23.7295669897344,7.06984629355702,3.93084927279097,-0.188086183290125,-0.548367606877491,208.935417265673,170.148936955823,567.063969034401,827.296477825794,3.58615282934625,70.8120040075974,73.8835379125612,13.7033697769425,4.27566512108842,6.65037463577164,4.68959704011786,2.563267449249,370.680436556006,415.527097796893,354.629326747708,533.99051865524,22.03277743122,57.0794104023857,90.3347282986183,24.8667845058662,7.96026758386188,0.531806367101126,-0.520322755051438,2.53108643482619,3.16544426453584,1.07825780425355,3.77849799694286,-0.726414151800327,19.5763021879216,58.0371489477993,70.2196172345407,54.3388635868696,9.20290329424415,10.5669241178316,6.93681261796928,0.418690967210296,2.45066651184925,10.8277238683904,3.98527846349907,5.26988526184823,255.849832027487,297.917104502652,106.226962112201,54.2164584399984,153.033691388175,118.682623941907,4.62996399917347,109.642746529623,4.31853277553,8.77955040908091,7.1293401840926,1.89011001849531,287.693675160001,267.633766060267,72.6202443502848,37.1188985527156,60.372745345147,94.1366064700856,4.88401806843285,10.5459084955314,8.45266842755655,92.3911609928168,6.31903130998762,3.94666834429472,179.574200458479,297.944745818953,102.238100657996,39.8649854266978,89.0226201868099,104.872900785432,11.8564211646117,1.14873215503485,11.9742620003694,5.75775529185285,5.61670065692851,6.09530625776324,68.1845554676815,134.431545367597,67.5976297271141,36.8367191216685,70.7838616193376,91.7443779690684,10.1710873991005,4.89426089513563,8.01902981728927,6.07888758387662,8.43033826800092,1.69960425315912
,21,4.12314780913357,83.1724812567618,177.561809890231,44.3109694981167,15.7243898424085,13.6507056033474,0.771448592336583,2.02019600244603,244.627320399751,200.256407719943,670.406837817408,989.751742751441,2.24543170665675,129.519320410252,138.382784271317,18.6491779252633,7.47043786312634,14.4530518793636,-4.38816758211078,4.50165015252969,425.489247352182,481.604611291099,391.689935802802,598.740343380216,41.8585195332621,113.241973811188,167.040363540248,44.169944251335,18.4231176608419,1.9009174290959,1.20230688254424,-1.88063682551319,2.26999854661381,2.12012025196145,7.79529686244223,3.20257223162935,39.9933497174616,107.786060174319,132.631192527503,95.53551265651,18.957665645727,17.7573214588533,3.39396856695748,5.4474766229273,10.8802478530506,6.75531437920881,6.85241670209552,0.162224560438972,441.889762994036,511.944824694,188.555816360369,104.243133656414,272.507211458198,213.427593827742,9.10651135087119,113.791660166689,6.01216021252776,3.97359935425311,6.7486511583611,9.99551820233091,491.070912652885,480.93435290375,130.669476506184,63.6932261853517,113.947384799473,160.10232120382,6.2018129159178,4.06724177119122,4.04158994354384,94.0326018997835,3.50279953074187,5.59713707850369,307.066784120474,531.153458103872,183.583387622294,68.762521870909,164.585500383699,193.3410163596,7.28150569011586,8.54601557939168,3.67086707088401,7.08798606994606,4.08986345429321,5.07792167860771,112.145547258455,243.802968764658,120.545662276957,66.5716770230383,129.35283004822,172.599488238333,4.09962973351367,7.51064601554663,7.19648242384847,3.26358233041356,2.50775188729631,8.71544014466008
,22,2.81899937099479,140.996618848098,313.296381603606,74.8591404189174,23.7769450663664,30.9614033794478,-0.867064448842029,0.244266519612211,282.119610364701,230.019271678624,780.058187981148,1157.29420796136,6.39415894942749,229.900225229517,236.717487239223,39.3649975015142,22.7075071100808,29.3736925790699,0.242499821572437,-0.529358753410634,487.127241210055,551.29859308638,432.900829655169,669.535719415673,69.9708840887542,209.791144396579,283.305145264931,77.6548278330306,31.0136448998933,-1.38930549448924,-0.342784897768524,-0.632529615705607,-0.437112556685406,4.56838381215221,-0.462709186726897,-1.69083083739906,64.7445852060723,194.783116180011,243.898938821487,163.792564028853,41.5539992013855,33.4447644380198,4.36846626708711,7.29945001051237,3.38711058459648,5.56100173075947,4.65256434798584,1.89715848458991,666.124360791456,766.210481182467,332.725321185813,184.95344187885,490.482965039695,356.016638671382,3.84269211049423,115.447339452674,4.92412411048144,4.09427009776437,10.0453593833704,2.16190143715949,735.811367473476,744.035759219483,232.703421601219,107.691964361086,199.716108909907,271.430391316158,4.73816904247678,6.64923830688804,8.92796392294576,101.77996305086,5.76884217040651,2.99524836801402,515.581066022253,813.966118118576,310.894982718499,120.58443946622,269.454230754159,328.027078196324,6.0945874732156,9.45974204776667,2.2359170253585,7.26385868668513,5.76806864087484,2.03940953711253,185.281706877448,441.400598231265,212.973801766211,114.414607906529,216.834122327766,295.679025448536,2.12578539614242,6.16408803980084,1.6095109720095,5.53031494847346,3.4911027698131,5.1116998475195
,23,3.99792753800875,229.584169236579,547.816112883109,133.650248598301,47.9267421276336,55.5857579135227,-0.877000582504479,-1.42541319247675,321.103737063828,261.160323453995,895.275426514611,1320.35450796879,12.9199950625652,405.139785672632,415.639977778129,64.9663991409325,39.454689415038,57.3720076020936,1.50067605865843,1.08436039931848,548.436376781881,621.280777511123,476.509288213916,740.369741251609,116.557454361478,352.269022398722,503.996418090565,140.130072264793,55.5534966588216,4.68209680535074,-3.48907091383535,3.25489932013079,-1.1594797617513,1.5556910226569,-0.236575227874255,6.79693949967077,116.098194200933,332.422673308754,448.322560349552,277.125121706476,79.4872592220636,60.0437128305375,0.158552940997197,3.27175996585447,4.03427537620655,6.23088685276889,7.25970874786344,12.890338461259,918.096274696636,1041.8021272582,578.458446743156,301.627074709343,738.270016121437,565.91200235345,3.35958436156852,116.973771042682,6.39776094149056,0.880761985614299,6.21416181964241,6.12104525932909,1012.88013448762,1057.76332528567,406.213827674135,182.519116869365,331.412613309579,465.246421665113,0.99175185581089,2.73377302345307,4.8349832285071,102.872246548341,1.97055937691312,7.37920607672186,761.202514902761,1147.07198927223,546.038096751718,204.799488395683,433.181819622891,553.304564983175,7.36459595820634,2.3135063640475,4.08397298154159,9.33196006311664,0.200706236659244,2.1143309554659,300.445567127779,691.435548253637,351.566181710645,199.335521541751,376.18967233845,509.438646150797,5.82571669866593,4.24124605983707,3.97965449460162,9.2305543582288,6.20929907407208,4.42284179037506
,24,3.86050792330843,344.797776091068,812.670647632339,216.594312783891,87.69637316648,99.3101600452214,-0.811801372066839,0.44517548730164,363.630859280902,296.278271449885,1009.62431205073,1481.60932028034,26.1900617733222,617.668794813588,616.245225545839,97.3639076993118,68.8811698599229,95.8834620793364,4.44744450337248,3.46973765475786,611.997479956759,692.587654658489,522.558123046501,815.62663559617,186.286169772993,580.987018295598,747.394744002313,238.798854262466,96.4756177018576,5.76161688595676,-1.8595509349766,5.90536850646231,6.67379953097225,-1.64446169355961,3.10816475421279,3.22793573375202,182.373917024895,560.565338104556,697.304823913827,442.850854245442,139.341643644052,103.313256212005,6.31616141069389,2.50887856352529,4.88727493100896,3.52332792718062,5.31985694737705,0.101076571957492,1153.75511829647,1299.65408455295,846.486892020503,466.754783899595,983.845085987925,752.797839097437,4.57896156350125,120.845109602986,4.09851561561391,4.84538721776062,5.41216522246259,5.76847415143038,1279.87653539437,1369.30525831169,598.382995156672,286.658791274673,506.33481869066,666.648608531482,6.49613634800926,5.29999767115805,3.61266254828615,106.835200227496,2.09460753860003,-2.07828679024715,1022.32799929508,1474.02294903422,807.179103390449,326.059227749213,589.261423216291,786.339382250967,3.70650632143906,2.55417057983141,8.88276177087482,4.50314552200462,3.78030651215067,1.489791116167,464.213441455547,1006.52890231131,569.017091558014,320.541806463695,558.698548787214,756.881224859174,1.43335541892384,2.27426788156436,3.53704915088656,6.53159366513864,3.01626161623335,-0.0895059844760908
,25,0.687986194875975,448.165760648775,1058.65825580873,325.192849276137,150.007114066706,178.21924175149,5.48950526028739,1.86869405869902,409.225963737711,333.76373624857,1125.96464930567,1639.53388638547,40.24796406526,852.255323211947,804.64921871286,153.156900717919,114.50765291058,157.079790240172,4.95222245998593,-5.54341736394417,676.175626647722,768.704432831565,571.154105691372,889.329937313562,294.101100149849,814.621837474331,965.930805351915,358.102124449179,161.815592085863,6.60195259323973,-0.204271012663412,-1.58130417164375,-2.98197115472203,0.183202834899021,2.6718751185299,2.84735450124754,280.119784469889,810.968254863118,948.405750583636,581.838171064351,234.774614746653,168.047171145593,5.5005801046018,2.91326826860268,1.59077513540433,3.28294740484398,1.60765171283629,2.94878650969395,1363.41791615085,1528.57402810054,1094.86536870717,605.127213949401,1191.96220202939,908.344091872557,1.63492322094817,120.64585745942,-1.86498066409104,1.67822027966213,9.12486533089077,5.66524518097367,1513.08286639095,1647.76168162269,775.160100797137,385.263746741794,655.743672820943,847.927837081594,9.75530162093355,1.77344059382631,1.85137637201797,107.595074386214,3.52844257036213,5.35991851248991,1265.50154359207,1764.9560004351,1047.72054492182,464.510909506467,719.738917163674,997.474786044394,3.00254577485384,-1.78733430774992,5.11877986792706,4.16321434423526,5.15340430499919,4.93293263643591,622.192926739809,1333.81058385775,774.854724200383,484.27373663684,740.231693811139,1005.7902379059,4.58913027915742,2.86654998580616,1.25509050657956,1.71799596358278,4.58666439057743,2.60524105270633
,26,-3.68591827509135,537.087209381745,1236.30327147176,414.050234878457,240.70903847437,290.928900717063,1.13431351608733,-0.102323281128065,458.781801114645,372.610218708896,1240.97877228852,1790.34258253653,61.0447512608039,1066.89850535412,943.44619356452,198.884728136376,183.247593274865,253.23294091791,4.20087092969607,5.36596202305009,743.334612820413,844.374454487247,617.562111800287,965.002688215899,391.55312939854,1031.61308387399,1114.65816842782,453.427879603915,260.956199562774,17.9260871853298,-1.35489927620984,4.61822714369146,2.28261837207901,-1.3327497517007,2.93675828684854,-0.941088646535263,370.049661349386,1053.30549336572,1136.45959216647,680.846849392967,371.465099798311,266.581543643488,2.73455562200388,3.59919156029991,3.27475129733284,-1.57417811359846,0.787212242857095,6.83831105705485,1555.80238235758,1741.78236320946,1277.00205857586,705.945326902163,1350.8312751572,1030.17010142996,3.88317706223825,127.935615471776,-0.877098279961501,4.79272960187791,3.19425074286482,2.10075774898996,1721.04099652395,1887.9326126864,904.628325584117,456.940841519808,772.758016800653,984.917396874979,0.756188014103827,-1.5254410345442,2.47225047468373,109.225012038561,2.14677924602802,3.652425047615,1471.2563846047,2017.08295621427,1222.86902351405,567.234004837237,813.270876305063,1157.06442288734,3.20896130669098,0.912896381621067,0.82227992375465,3.68389534751668,-0.256328894712624,3.80053847219597,765.852519784487,1635.59503861542,936.884052624161,612.749674846003,889.768367653863,1212.68128216368,6.03007987134652,4.92186341278784,3.06153024066998,2.55533830797685,4.53478490180942,-4.03061138776638
,27,4.5134664065954,616.531504878791,1341.29815963662,472.104268455671,376.258648328725,455.443480389564,3.52329992745081,-2.74777577506802,512.615964588756,411.74306587041,1357.19912222058,1935.70163531384,83.0986065522702,1244.51536989513,1025.92577956504,226.089660463272,265.151387553986,359.019715076022,1.08297055373214,0.791404644565773,811.23550771299,920.152147926305,667.38595930053,1038.56818804225,472.186498620823,1211.26270352366,1196.1268561068,517.153652023502,357.32375790029,30.8464794268921,0.944054310074989,-0.17602034661104,-2.18639923396177,-0.278991515090638,-0.46674536839555,0.36014692066783,444.631380672993,1259.70572521446,1245.46469471185,738.395647690923,484.737324407303,339.362511697191,-2.68661488199132,-0.170084440295341,-1.17563930586948,5.02585366175208,3.57508913396259,0.588021002781261,1754.11138274958,1953.69838734065,1401.11890075016,774.091744009632,1495.76851711918,1142.83893717719,3.99972386558966,125.005607306569,3.71658723550081,0.145254049715277,-2.47921450066497,3.48243706084668,1923.16466060075,2119.13062319101,990.991237054141,504.475079622083,862.868507739605,1089.48018867436,3.2412637940638,4.15313305386144,3.15397586673453,106.532543526995,3.54319173886006,1.95389745289776,1663.63099412654,2252.14073363366,1329.41552295269,634.400945614927,888.27109887695,1276.33194500994,2.61011674844349,3.3467699445464,4.74089739982492,-0.330779255981724,-0.366694525489493,4.13386210482304,889.339467681741,1896.96199885259,1037.22989369847,699.043868710213,998.948506756343,1362.14322239891,7.40224695197412,0.250810705667845,4.14147729334172,-1.49565957342247,-0.378630140930454,6.01734465496838
,28,7.28099461435659,697.934923174891,1427.35456611229,507.500094202362,494.455341410427,589.72126898085,3.98646540710433,0.0725218305069575,567.516113012384,452.331881884913,1468.93148051597,2071.11500382777,105.026053788983,1400.30473544136,1089.54525981606,246.134492649186,314.099587479036,437.138821219154,-1.89960713922574,-1.80858928482348,875.484472601638,992.08096307061,713.96085072373,1111.70309741513,537.1640371371,1365.35637601006,1259.81658780258,550.08956411666,425.966726094117,65.7513609472076,1.54084139159067,-0.122273427005439,0.793378239669437,1.56687219754031,-1.47496268385203,-5.96280905550657,502.27917170019,1424.26545832,1320.10839193926,785.55331274318,559.494820156752,389.250323855893,4.4985777457473,-0.219372136618404,0.981188184674011,3.49059848313755,2.66281651801273,1.9829858889716,1950.54948703674,2154.00993877802,1511.19004422307,835.80265023885,1636.54649082219,1254.19267465616,-0.224970185209258,132.2764997006,3.04988478662199,-0.311550595026347,2.15795993414986,2.49144769805207,2116.21336956702,2335.63886495377,1065.2953151125,540.506776969472,946.137045818302,1186.5400835421,-2.89495143222348,0.946099572842286,6.11180846414891,110.172260593721,-1.77788081936842,-1.81526397910284,1850.32267424886,2475.02482435922,1418.87854508056,675.123741045734,966.245312009272,1386.28483364164,4.0767331264633,3.473519666632,3.33312818369541,1.08080413123844,8.44234984127706,2.17441847582586,1007.45036848878,2132.16870410395,1104.6762584225,751.563359177442,1093.97333608112,1489.95257950577,-0.780845129509089,-1.46251612160995,5.65851930902636,-0.0276072518026922,-0.0102805056844772,1.74427024725856
,29,2.42971523299184,780.061521984973,1508.45350623486,529.977518822558,572.95434936637,672.559978595121,-3.40499257303145,1.23493290383522,621.183057407696,488.834319003647,1574.40301057419,2201.27377406677,117.653416753027,1550.0517420119,1151.07426108624,257.090128865586,341.432351231054,475.223609615423,0.969448444953741,1.78411654041611,935.997267101152,1063.67848944937,759.237109031242,1183.60961097901,593.578061425875,1506.2743092324,1323.24488246314,573.569205975571,458.045873618004,120.804043625492,1.42416108021234,-0.609986702152128,1.43236941935947,-1.38382703215893,-1.333213295723,-4.71345974339874,555.056970324077,1571.18091402524,1391.37477715473,830.086241106217,589.491683544441,414.20680176484,-0.017586410695003,-1.50821367628669,0.180801378484375,2.64786524290093,5.93547716814828,3.20323209061553,2135.80740564256,2340.83502443983,1619.50317092723,897.068914911327,1772.03903989684,1362.40963732647,4.21126690648089,136.207464099311,-1.02138548851144,3.19313101447869,6.24057593428961,0.79974635207509,2289.7579274547,2538.61749284011,1136.93934728145,575.734399079195,1026.41765907582,1284.33679962456,3.6474480125371,-3.31484697022188,0.609985284525919,116.367406787652,2.16571782898518,-1.47916115739372,2028.90637149852,2674.06378645966,1503.85313452685,713.191231108182,1041.1265863998,1491.88033165161,3.63550300621682,-2.32466841278256,0.713990746429317,4.20876679606636,-1.00265977454956,3.16427103546312,1125.03303070348,2349.44240950379,1167.34496207427,794.206571360849,1179.16592278826,1602.61225293724,-1.33855070338586,3.16233694863604,-0.954731146094218,0.622087886259578,-1.28757671659378,3.15309531969933
,30,3.80480223195536,869.401736899401,1599.36060472424,558.141707514941,613.196120417207,712.370844766872,-0.475575595489317,2.32093481344464,677.787891493104,527.268229796848,1679.65603257223,2321.91396280495,122.208330663056,1700.39869613779,1221.29994647858,265.850710904495,352.643871010759,491.239738416647,0.597842232911717,0.0618145882986028,997.438992097944,1135.95077922754,804.821035525262,1257.00050179952,656.479637207393,1646.28278825174,1396.91498153608,601.628004739489,473.180774726898,208.631307456543,2.3078623179822,1.28174430700255,2.23153732091532,-1.4172127744705,0.557817078471999,0.0571526099397488,608.926349967914,1716.05340377373,1472.71233487938,883.00576302595,607.178874747336,428.521490448446,0.0251176680380922,-0.705698418389147,-1.36557311830438,-0.201764935436131,-0.609633314589701,-0.418067229876215,2316.27310220422,2518.18963587384,1732.15407752851,963.964345922959,1907.10792244975,1475.45027911582,-1.0795851229791,137.444717973065,-2.6870089027434,-0.113530058501055,-1.50480239359285,1.36994368807564,2454.94345616471,2730.86067874591,1214.91258846061,616.692252990713,1108.75605854143,1382.734013735,0.96235590734932,-0.692884686548496,-1.65941824256788,122.289903877618,3.18449550663354,-2.46566314256825,2202.94741285162,2864.59895234324,1598.60054708175,756.572678715472,1123.85597213695,1602.38282851678,-1.75221098654583,-0.308108222734518,-1.53509011194046,0.905174574442299,-1.25407251126762,-1.89594670502765,1243.60549027109,2554.0811409853,1237.52470902505,844.155100884404,1271.03323125465,1720.99697603114,0.101078067158141,3.04894342047419,-1.52649997150138,1.95702932347103,5.02743574647639,-2.57808366641621
,31,-1.41768842236343,954.844942097358,1683.86380671066,587.284081378132,629.343811707956,732.056994385885,-0.0316757668438186,0.369434064461075,730.075943694492,562.772008002159,1777.84002957817,2433.93180476109,142.028165759019,1839.90014670081,1286.5176389148,273.449226868396,356.662506807778,498.010484494417,-1.53888197649985,-0.392403394571829,1058.92269822839,1206.58486737506,849.54057033199,1326.02635257087,719.978270943914,1774.50834324728,1467.52861453709,633.52316188062,478.917449867307,347.011809748009,3.26512904446736,0.16077411076094,-1.09751803296558,2.57560281554061,-6.12923268208533,-5.30107092382241,661.808727816277,1848.03178324947,1547.78138921517,933.529050740271,622.991098634499,439.516577015822,-1.38254842309925,1.7197955870829,-3.11453110349703,-0.784779701505158,-3.66761234426758,-3.74354138231547,2480.83402292038,2679.72743613266,1837.68287761355,1029.26055455278,2033.51897823193,1583.47415564898,-1.60813312480195,139.52827098588,2.52177681325884,-1.15460649904662,1.95733485399705,-3.199023267558,2605.71658081709,2904.68266717995,1290.00017010501,657.512452706183,1189.2679761114,1478.8713701163,-0.44079590704041,-1.45093592357398,-3.81620142504926,118.714630663819,1.62473027749274,-0.47785423553205,2366.00742625511,3036.66999871205,1685.93325681533,800.665783460844,1202.52664280823,1703.39992053474,-7.14531215157967,-0.161001263420076,-0.639693258406169,-0.919692017007947,-1.14252741380369,1.49420046634759,1358.74945389289,2737.0213730137,1304.90193909846,891.747243953038,1355.10469553276,1826.94721891577,-1.14286804367657,-0.403306899200288,-0.790497796122963,0.00376800865888072,-2.10767989295164,0.627153913476377
,32,3.97764243267284,1046.70553011058,1779.90041972556,625.693240797353,654.167889869103,759.478155534263,-1.35216619696575,3.53230048305431,786.654489511349,602.492379659962,1882.13913005567,2543.86716723043,146.664798933879,1981.7085940734,1370.3233483717,285.908032330622,366.123108213894,512.021927199141,-2.03854327422505,-1.71900661073278,1123.95288601332,1277.83334766156,900.36733473929,1398.88771892955,793.308706612006,1906.12643873946,1550.31922090755,674.273582612829,492.201306271307,548.897540786429,1.34159885763984,-0.111123137357026,-5.02254818013807,1.78322660011281,0.530144368133278,4.34382988865218,721.021707677979,1986.15110633754,1634.31822636486,995.174939746302,650.240758461071,457.966520911949,2.95642388957958,1.85553505782218,-0.312758368313098,-0.678234160154716,-10.1314077252505,-3.43691503667333,2646.1614732796,2838.52579531092,1951.64201448313,1104.57587477454,2165.40991495032,1695.27202969653,-5.95035275220334,142.590648122283,-2.88323919198547,0.491318998874704,-4.09080899549372,-4.89830652548881,2758.16668210461,3074.29871220733,1373.62377810025,708.745879040822,1278.80568287156,1579.00525416969,-1.73125037832961,-2.62103388860305,-3.65392356311031,120.833116719126,-1.97487560017044,-0.844887276163263,2528.89730410519,3203.7478022083,1784.7244933526,854.870274001736,1291.52734905716,1809.89281570407,-6.03155257193521,-5.0746509083865,-1.86242000719312,-3.01230293460139,4.58182828640292,-0.228568082543006,1478.6652159451,2912.88115810581,1379.61965671153,950.391772304173,1448.54295133809,1941.48035706263,-3.33668935396463,-5.30536630189545,-1.58203213155639,-5.14449588008938,-0.950887350359608,-1.35953057007464
,33,-3.37108323927941,1134.46325075557,1868.23667334614,662.480603834383,676.800828548369,788.096182338535,-1.18476579970456,0.319627505854442,838.832482904204,638.687407548491,1976.9828125147,2647.72175172004,168.481253788186,2112.13219657711,1447.9691445729,299.059826966207,373.607682095401,528.739819429128,0.237232015345853,1.80637967788562,1183.88647812501,1346.12101039707,946.920247984796,1467.69474241897,863.46319991852,2026.72266302421,1627.11158113625,715.157134786996,503.202208562077,706.736799236955,-0.865136744744632,2.10267563397883,2.15162777135583,-0.802641207877969,-1.32662793848658,3.02999151969652,775.360568034093,2107.32299780997,1713.28566665209,1053.48328951855,677.12922757461,477.608450151283,-0.551658140780091,-0.78801184611757,0.800927258652791,-7.35295790368991,-9.40880564498866,-0.643410346146538,2796.77836756471,2983.70294108977,2057.17410654071,1178.77251155606,2284.49365979755,1798.4767459803,-1.46493289447744,143.912473346564,-4.3179393301657,-0.522728534799626,-11.1189913614589,-9.67677900887429,2892.05916302366,3222.64835544088,1447.27116504676,755.526154222799,1363.72856304082,1675.36028136713,-0.285638286089124,0.440461349377529,-10.6422220333707,121.01259921167,-4.25718942358344,1.64279513637985,2678.32383880422,3354.77107248888,1875.77623900555,905.50581823036,1374.92787815577,1908.43166739386,-3.29833190621184,-0.976201258831679,-3.04039429431805,-8.80265023724269,-7.33364875300504,-4.79423442015377,1591.27033425282,3067.11083745551,1450.1472014345,1006.09290592232,1531.29617309024,2044.55379187522,-1.37644505207072,-2.58820275755215,-1.35786409199682,-4.74692493282373,-7.66577831078757,-5.92739630459619
,34,-1.89268396319949,1224.75419682484,1960.72952328728,701.271770478708,706.164223069362,823.234418704853,2.20331222340656,-0.997380636992148,898.878431529984,677.621309957637,2074.74033825428,2747.7940583557,185.525262195332,2238.36228142515,1526.70391030738,312.863020546589,383.376061737195,546.927687645805,-2.9454259717254,1.22437834681159,1246.50224623132,1412.8717598344,994.584180901771,1536.39588429895,937.858235884387,2144.21560053348,1706.31078531369,758.679000913226,518.749614724647,805.940084661129,-0.98054089210973,0.317062937175251,0.258357483096006,-2.11063613455553,7.95579057736722,5.33044830041399,828.557121531065,2226.48524785927,1793.53903272417,1115.634007535,706.756949464965,499.591433489286,-7.08821951232039,-3.34766255905788,-5.72273060338739,-5.30662722363968,-1.51283620388085,-4.97566196372236,2942.62379148493,3123.05879020549,2163.83519617819,1252.92942450339,2402.64851963671,1899.11218119359,-5.41703112606092,147.64055613076,-5.30255489275169,-9.46370748438267,-1.95432879062037,0.357529308734684,3017.14110452609,3364.7258311391,1524.13893771318,806.949007834247,1449.10571964889,1771.0933033391,-6.35944331975406,-0.680744937738382,-0.676441424839595,121.485688888329,-2.89844134773921,-1.70877028535551,2827.35967813921,3492.82612708106,1969.07224339025,961.457828828844,1460.15746254963,2006.90000755767,-4.17135720227679,-2.28284216885004,-5.01554487232261,-2.02336184456999,-1.86182822096362,-8.10958754715966,1702.2425082942,3216.65216603946,1522.4945381246,1065.07123718796,1617.47993707392,2146.7032548975,-1.34329190025073,-6.24719872403057,-6.95881210730749,-3.11075353253182,-0.735526720050984,0.851894748575432
,35,-4.69210844465943,1311.10083159968,2047.13014244128,736.206051018115,731.832375154699,858.235424446913,-0.48460569378085,-3.45560880206858,959.881843324646,716.973413114799,2167.35958031299,2841.66519707053,197.796824155317,2354.83755097282,1587.27590080724,323.224353326967,392.626298511604,562.466102230648,-1.50453020502346,1.78839934973985,1308.03153255526,1478.93476989592,1038.11058436936,1601.23592007774,1009.35473558515,2252.60997490856,1778.02140360334,800.40086299647,530.737348053189,846.677527182825,1.95198372102095,-6.08897964117341,1.26831831232721,0.561314886046148,6.98634466128624,13.8959862226743,876.08932816301,2330.73251147618,1862.29492473758,1173.58208451229,731.652233373774,515.179189835731,-7.54310071017881,-2.4261446239102,-5.39076574952878,-8.35151796135415,-3.40878680953028,-7.17782256267992,3078.07536575349,3251.08950704655,2263.69111410764,1320.23644827788,2512.23016562585,1990.55240630095,-5.82117552758791,150.950404568459,-2.43787312530776,-3.77568368981974,-6.80938553827446,-5.59576772838955,3128.24535797472,3489.53037262549,1596.09103185913,855.372740473014,1527.11201247066,1859.3511713012,-9.21397465362952,-3.66436777455647,-3.03610275092115,128.787363521952,-7.7605316815675,-6.42384514140213,2970.93399230228,3618.21245512536,2053.80762189331,1011.61833635603,1542.06021746655,2094.38770159677,-4.37198802817011,-2.10296551574311,-8.98387972714227,-9.74980081203785,-7.71855854146361,-3.51859314604781,1807.06513839121,3353.78696321281,1590.59187410037,1118.93660500457,1698.8229324931,2239.3473024105,-9.24986619066704,-7.77585142369935,-6.92558446426619,-3.42906916031461,-8.23111867614034,-5.61218748912233
